config_id,budget,performance,x0,x1
0,100,308.12909601160663,-5.0,0.0
1,100,161.25549717966388,-5.0,5.0
2,100,10.960889035651505,10.0,0.0
3,100,5.93132298356619,10.0,5.0
