{
    "0": {
        "x1": 2.5,
        "x2": 7.5
    },
    "1": {
        "x1": 8.1732477449535,
        "x2": 7.5
    },
    "2": {
        "x1": 9.6884116959998,
        "x2": 7.5
    },
    "3": {
        "x1": 5.7516227823867,
        "x2": 7.5
    },
    "4": {
        "x1": 7.9334237962936,
        "x2": 7.5
    },
    "5": {
        "x1": 1.3069394955231,
        "x2": 7.5
    }
}