config_id,performance,budget,budget_used,total_wallclock_time,total_optimization_time,activation,batch_size,learning_rate,learning_rate_init,n_layer,n_neurons,solver
2,0.06788919839059115,100,500,5.364800214767456,0.0035288333892822266,logistic,30,constant,1.0,1,1024,lbfgs
2,0.06788919839059115,100,800,11.051582098007202,0.020783185958862305,logistic,30,constant,1.0,1,1024,lbfgs
2,0.06788919839059115,100,1000,15.861778974533081,0.029172420501708984,logistic,30,constant,1.0,1,1024,lbfgs
2,0.06788919839059115,100,1100,19.89451313018799,0.0342564582824707,logistic,30,constant,1.0,1,1024,lbfgs
