hyperparameter,lpi,uncertainty
x1,0.5799955764472867,0.0
x0,0.4200044235527133,0.0
